{"cameraMode":{"drawMode":0,"name":"Shaded","section":"Shading Mode"},"sceneLighting":false,"audioPlay":false,"sceneViewState":{"m_AlwaysRefresh":false,"showFog":true,"showSkybox":false,"showFlares":true,"showImageEffects":true,"showParticleSystems":true,"showVisualEffectGraphs":true,"m_FxEnabled":true},"in2DMode":false,"pivot":{"x":3.955245018005371,"y":-0.8694378137588501,"z":-4.842982292175293},"rotation":{"x":-0.0006829682970419526,"y":0.9993212223052979,"z":-0.022710006684064866,"w":-0.028934134170413019},"size":0.29142698645591738,"orthographic":false}